{"cameraMode":{"drawMode":0,"name":"Shaded","section":"Shading Mode"},"sceneLighting":true,"audioPlay":false,"sceneViewState":{"m_AlwaysRefresh":false,"showFog":true,"showSkybox":true,"showFlares":true,"showImageEffects":true,"showParticleSystems":true,"showVisualEffectGraphs":true,"m_FxEnabled":true},"in2DMode":false,"pivot":{"x":4.217192649841309,"y":4.199933052062988,"z":15.061054229736329},"rotation":{"x":-0.09251496195793152,"y":0.11829888820648194,"z":-0.011070781387388707,"w":-0.9885993599891663},"size":6.274160861968994,"orthographic":false}