{"cameraMode":{"drawMode":0,"name":"Shaded","section":"Shading Mode"},"sceneLighting":false,"audioPlay":false,"sceneViewState":{"m_AlwaysRefresh":false,"showFog":true,"showSkybox":false,"showFlares":true,"showImageEffects":true,"showParticleSystems":true,"showVisualEffectGraphs":true,"m_FxEnabled":true},"in2DMode":false,"pivot":{"x":0.21141457557678224,"y":-0.25658631324768069,"z":-0.08438105881214142},"rotation":{"x":-0.24111314117908479,"y":0.6991531848907471,"z":-0.27424538135528567,"w":-0.614690899848938},"size":1.2825703620910645,"orthographic":false}