{"cameraMode":{"drawMode":0,"name":"Shaded","section":"Shading Mode"},"sceneLighting":false,"audioPlay":false,"sceneViewState":{"m_AlwaysRefresh":false,"showFog":true,"showSkybox":false,"showFlares":true,"showImageEffects":true,"showParticleSystems":true,"showVisualEffectGraphs":true,"m_FxEnabled":true},"in2DMode":false,"pivot":{"x":-0.4366982877254486,"y":-0.5166589021682739,"z":-0.17299769818782807},"rotation":{"x":-0.13117627799510957,"y":0.8282361030578613,"z":-0.2175017148256302,"w":-0.49951308965682986},"size":1.6322762966156006,"orthographic":false}