{"cameraMode":{"drawMode":0,"name":"Shaded","section":"Shading Mode"},"sceneLighting":true,"audioPlay":false,"sceneViewState":{"m_AlwaysRefresh":false,"showFog":true,"showSkybox":false,"showFlares":true,"showImageEffects":true,"showParticleSystems":true,"showVisualEffectGraphs":true,"m_FxEnabled":true},"in2DMode":false,"pivot":{"x":0.024559199810028077,"y":0.3066701889038086,"z":0.05584314465522766},"rotation":{"x":-0.09458485245704651,"y":-0.24757492542266847,"z":0.02429264970123768,"w":-0.9639381766319275},"size":5.463500499725342,"orthographic":false}