{"cameraMode":{"drawMode":0,"name":"Shaded","section":"Shading Mode"},"sceneLighting":false,"audioPlay":false,"sceneViewState":{"m_AlwaysRefresh":false,"showFog":true,"showSkybox":false,"showFlares":true,"showImageEffects":true,"showParticleSystems":true,"showVisualEffectGraphs":true,"m_FxEnabled":true},"in2DMode":false,"pivot":{"x":0.18762502074241639,"y":-0.14772923290729524,"z":-0.2759481966495514},"rotation":{"x":-0.0787714347243309,"y":0.9032554626464844,"z":-0.18856868147850038,"w":-0.3773193955421448},"size":0.5276216268539429,"orthographic":false}